sku,title,description,price,stock,image_link,brand,ean,delivery_time
DWYY-0001,Brillenkoker - 5 slots - Brillendoos Opbergbox tot 5 Brillen -Zonnebrillen Opbergdoos- Reis  - Brillen Doos -- Zwart,"<p>¡¾5-vaks ontwerp¡¿: De opbergdoos voor zonnebrillen heeft een uniek opvouwbaar ontwerp, is stevig en duurzaam; de stevige brillenkoker beschermt spullen tegen beschadiging. Onze brillenkoker is gemaakt van slijtvast en krasbestendig PU-leer. Opgerold heeft
    hij twee koperen gespen om ervoor te zorgen dat alles op zijn plaats blijft.</p>
<p>¡¾Ruimtebesparend¡¿: Onze reiszonnebril organizer is opvouwbaar en gemakkelijk te openen. U kunt de reisorganizer ophangen in de kast, achter de deur of op een plank om ruimte te besparen met haken. Deze zonnebrillenkoker kan worden opgevouwen om in een
    koffer, tas of rugzak te passen; of uitgevouwen om aan de muur rond de deur te hangen voor het opbergen van horloges, sieraden, kettingen, oorbellen, ringen en cosmetica wanneer u uitgaat of thuiskomt. Dit is een schatkist. Het unieke ontwerp is een
    kunstwerk op zich.</p>
<p>¡¾Reisbenodigdheden¡¿: De multi-brillenkoker is zeer geschikt voor reizen of vakantie. Je kunt je familiebrillen tijdens de reis bij elkaar houden, het is een geweldige oplossing voor het verliezen van een bril. Je moet verschillende brillen uit verschillende
    reisetuis voor zonnebrillen kiezen en opbergen. Het is een zeer goede hulp tijdens de reis.</p>
<p>¡¾Perfect cadeau¡¿: Onze reiszonnebril organizer is een perfect cadeau voor mama, papa, oma, opa, vriendin, vriend, jongens en meisjes, voor verjaardagen, Kerstmis, Nieuwjaar en elke andere speciale dag. De brillen organizer is een zeer intiem cadeau en
    ze zullen je liefde voelen.</p>",12.02,10,https://m.media-amazon.com/images/I/71V1PkQDDpL._AC_SX569_.jpg,Merkloos,6249295873607,1-8?werkdagen
DWYY-0001,"Nekbrace / Nekkraag - Neck Braces For Neck Pain - Cervical Collar - Support, And Posture Correction - Soft Neck Brace For Pain Relief - Halsbrace - Vermindert Druk In De Wervelkolom - Unisex - Zwart","<p>¡¾Memory Foam Reiskussen¡¿ DeNekbrace maakt gebruik van de nieuwste vultechnologie en traagschuim met een hoge veerkracht. De luxe vulling van traagschuim met 5-seconden retourtechnologie is comfortabel en duurzaam en kan traploos worden aangepast</p>
<p>&nbsp; &nbsp; voor een goede pasvorm. Past zich aan de ronding van uw nek aan.</p>
<p>¡¾Langdurig¡¿ De buitenlaag is gemaakt van ademend katoen, dat zacht en elastisch is, zweet absorbeert en huidvriendelijk is.</p>
<p>Verstelbare, comfortabele pasvorm ¨C Stevige bandjes en ergonomische contouren passen zich aan elke nekomtrek aan voor pijnloos dragen, de hele nacht door.</p>
<p>Houdingcorrectie ¨C Corrigeert de wervelkolom en schouders tijdens bureauwerk, telefoongebruik of rust om een ??slappe nek en een tech-nek te verminderen.</p>
<p>Lichtgewicht en ademend ¨C Ultralicht ontwerp met luchtkanalen zorgt voor comfort bij langdurig gebruik thuis of op kantoor.</p>",12.02,10,https://cbu01.alicdn.com/img/ibank/O1CN01gy4Onx1I9o0EvVrBg_!!956380851-0-cib.jpg,Merkloos,6249295873614,1-8?werkdagen
DWYY-0001,Multifunctionele paspoorttas- Paspoorttasje - Reisportemonnee-RFID blokkering-Reisportemonnee -Voor dames en heren - Waterafstotend - Waterafstotend Oxford - Dagelijks Gebruik-Zwart,"<p>Premium materiaal: Onze nektas voor paspoorthouders is gemaakt van hoogwaardig, scheurvast, waterdicht en ademend materiaal en is voorzien van stevige ritsen voor extra duurzaamheid en een lange levensduur, zowel voor internationale als binnenlandse reizen.</p>
<p>4 vakken met flexibele opbergruimte kunnen worden gebruikt om waardevolle spullen te verbergen.</p>
<p> Onze nektas wordt geleverd met een verstelbare, zachte nekband, die kan worden gebruikt als crossbodytas, nektas of onder kleding. </p>
<p>RFID-blokkeringstechnologie: Alle reistassen voor het opbergen van paspoorten en documenten moeten beschikken over betrouwbare RFID-blokkeringstechnologie voor een veilige reis. De ingebouwde RFID-blokkering voorkomt diefstal van informatie en onbedoeld
    scannen, zodat uw creditcards, betaalpassen, bankgegevens, smartcards, RFID-rijbewijzen en andere RFID-kaarten altijd veilig zijn.</p>
<p>Praktisch reisaccessoire: Deze nektas voor reizen is ideaal voor bagage in het vliegtuig, op de luchthaven, in de bus of in de trein. Hij zorgt ervoor dat u zich altijd veilig voelt. Of u nu op zakenreis gaat of met het gezin op vakantie, met deze paspoorthouder
    kunt u gemakkelijk inpakken en naar hartenlust reizen.</p>",11.78,10,https://cbu01.alicdn.com/img/ibank/O1CN01QXmiCh1NhlOhpaios_!!2353591602-0-cib.jpg,Merkloos,6249295873621,1-8?werkdagen
DWYY-0001,kabelbox -kunststof -31 x 13.5 x 12.5 cm-kabels verstoppen-Stekkers Opbergen - Kabelmanagement - Woning -Opbergbox Stekkerdoos -groen,"<p>Premium materiaal: Gemaakt van hoogwaardig materiaal, duurzaam en duurzaam, vervaagt niet snel. | Premium materiaal: Gemaakt van hoogwaardig materiaal, duurzaam en duurzaam, vervaagt niet snel.</p>
<p>Perfect voor stopcontacten in elke kamer: Met kabeluitsparingen aan weerszijden, zodat u uw organisatie/opruimactie kunt beheren en aanpassen. | Perfect voor stopcontacten in elke kamer: Met kabeluitsparingen aan weerszijden, zodat u uw organisatie/opruimactie
    kunt beheren en aanpassen.</p>
<p>Verfraai en verfraai uw huis: De kabeldoos biedt veel ruimte voor overspanningsbeveiligingen, kabels, stekkers, enz. Ideaal om draden te verbergen die zichtbaar zijn voor tafels en uw bureaus netjes te houden. | Verfraai en verfraai uw huis: De kabeldoos
    biedt veel ruimte voor overspanningsbeveiligingen, kabels, stekkers, enz. Ideaal om draden te verbergen die zichtbaar zijn voor tafels en uw bureaus netjes te houden.</p>
<p>Brede toepassing: Al uw stopcontacten, inclusief meerdere stekkerdozen, snoeren, adapters, splitters, enz., op ¨¦¨¦n handige plek opbergen. | Brede toepassing: al uw stopcontacten, zoals stekkerdozen, snoeren, adapters, splitters, enz., op ¨¦¨¦n handige plek
    opbergen.</p>",18.99,10,https://m.media-amazon.com/images/I/61+2c4pWh9L._AC_SL1500_.jpg,Merkloos,6249295873638,1-8?werkdagen
DWYY-0001,"Kruidenorganizer, clips,-Universele Kruidenpot Clip  - kruidenhouder, keukenhouder, organizer, kruidenrek, kunststof,  zelfklevende grijperclipstrips in wit-4pc","<p>Zeer eenvoudig schoon te maken, veeg het gewoon af voor een bijzonder schone uitstraling</p>
<p>Ideaal voor de keuken en wasruimte. Kruidenrek zonder boren. Gebruik eenvoudig de meegeleverde kleefpads voor een snelle en veilige montage</p>
<p>Gemaakt van hoogwaardig kunststof, slijtvast en duurzaam. Het kruidenrek kan individueel aan de ruimte worden aangepast</p>",9.56,10,https://m.media-amazon.com/images/I/51FYf+WtyGL._AC_SL1127_.jpg,Merkloos,6249295873645,1-8?werkdagen
DWYY-0001,Opvouwbare waterzak - 10L Blauw -Outdoor life -Waterzak voor buiten kamperen -Geschikt voor buitensporten kamperen - Opvouwbare waterjerrycan - Waterjerrycan met Dicht Deksel en Kraanschakelaar,"<p>Opvouwbare watercontainer met kraan. Deze opvouwbare watercontainer is gemaakt van materialen die geschikt zijn voor levensmiddelen. Hij is milieuvriendelijk, geurloos, draagbaar en herbruikbaar.</p>
<p>Eenvoudig te openen en te sluiten waterkraan met regelbare handgreep en lekvrije deksel. Er zijn geen naden en de bodem kan worden uitgeklapt om zelfstandig te staan.</p>
<p>Lichtgewicht en sterk, zeer geschikt voor water, kamperen en reizen, met een comfortabele handgreep. Hij neemt weinig ruimte in beslag wanneer hij is opgevouwen en is gemakkelijk uit te klappen, te vullen met water, af te tappen en te drogen.</p>
<p>Geschikt voor reizen, wandelen, kamperen, backStuksen, bergbeklimmen en picknicks. Staat: Kan ook worden gebruikt om koud en warm water in te bewaren.</p>
<p>De plastic waterfles heeft een inhoud van 10 liter (optioneel), geschikt voor dagelijks gebruik door het gezin, reizen, wandelen, kamperen, backStuksen, bergbeklimmen en picknicks. Geschikt voor binnen- en buitengebruik.</p>",10.23,10,https://publish-cos.mabangerp.com/upload/publish/develop/219988/20250426/2025042615015229533174565091302859800474.png,Merkloos,6249295873652,1-8?werkdagen
DWYY-0001,Tissue Box-Wit - Tissuedoos - Tissuebox - Billendoekjesbox 19*13*7.8cm,"<p>HOUD DOEKJES VOCHTIG EN SCHOON: De verzegelde siliconen ring en het deksel in de dispenser voor babydoekjes houden de doekjes vochtig en schoon, zodat u ze snel en gemakkelijk kunt gebruiken wanneer u dringend doekjes nodig heeft.</p>
<p>GEBRUIKBAAR MET ¨¦¨¦N HAND: De dispenser voor doekjes is ergonomisch ontworpen. U kunt het deksel gemakkelijk met ¨¦¨¦n hand openen en de doekjes eruit halen. Met de andere hand kunt u uw baby op elk gewenst moment verzorgen.</p>
<p>MULTIFUNTIONELE DOEKJESHOUDER: U kunt er niet alleen doekjes, papieren handdoeken, enz. in bewaren, maar de eenvoudige en sfeervolle uitstraling is ook een mooie toevoeging aan uw badkamer, slaapkamer, studeerkamer, woonkamer, enz. Hij is zowel praktisch
    als decoratief.</p>
<p>VOLDOENDE INHOUD: De brede opening is handig om te zien hoeveel doekjes er nog in de dispenser zitten en herinnert u eraan om deze tijdig bij te vullen. Afmetingen: 19*13*7.8 cm</p>",12.02,10,https://publish-cos.mabangerp.com/upload/publish/develop/219988/20250426/2025042615042128292174565106198668900875.png,Merkloos,6249295873669,1-8?werkdagen
DWYY-0001,Zwart-Afneembaar opbergrek naast het bed-Opbergrek naast het slaapkamerbed-Opbergrek naast het bed-Het is niet nodig om gaten te maken-Gereedschapsloze en eenvoudige installatie-32*23.3*5.3cm,"<p>Duurzaam materiaal: het hoofdeindeframe is gemaakt van versterkt kunststof, dat niet snel barst, vervormt of slijt. In tegenstelling tot breekbaar metaal beschermt ons kunststofontwerp het bedframe tegen krassen en zorgt het ervoor dat het stevig en stabiel
    vastzit.</p>
<p>EENVOUDIGE EN SNELLE INSTALLATIE: Deze kunststof nachtkastjebevestiging is geschikt voor de meeste bedframes en hoofdborden. Ook kunt u er eenvoudig een iPad en koptelefoon aan bevestigen. Bovendien kunt u de bevestiging eenvoudig uitvoeren zonder boren
    of extra gereedschap. Verstelbare schroefgaten maken hoofdborden van verschillende diktes mogelijk, zodat ze perfect passen op houten, metalen of gestoffeerde hoofdborden.</p>
<p>RUIMTEBESPAREND: Dit hoofdbord heeft een strak, plat ontwerp en biedt stabiele ondersteuning zonder omvangrijke hardware. Dankzij het slanke ontwerp past het hoofdbord dicht tegen de muur, waardoor u ruimte bespaart in kleine slaapkamers. Lichtgewicht
    en stevig, ideaal voor moderne platform- of zwevende bedden.</p>
<p>Toepassingsgebied: Dit nachtkastje is geschikt voor diverse soorten bedden, zoals stapelbedden, bedden in studentenhuizen, kinderbedjes en slaapkamerbedden met vaste opbergranden. Het is echter mogelijk dat het niet met alle bedframes compatibel is. Controleer
    voor aankoop zorgvuldig de maat en het ontwerp om er zeker van te zijn dat het past bij uw bedtype en dat het stevig vastzit.</p>
<p>VEILIGE POSITIONERING EN GELUIDSREDUCTIE: Ons nachtkastje heeft een antislip-ontwerp van rubber om beweging te minimaliseren en hinderlijk geluid te elimineren. Het gestructureerde oppervlak is antislip, zodat het nachtkastje goed blijft staan, zelfs
    bij veelvuldig verschuiven. Zodat u kunt genieten van een rustige en ongestoorde slaap.</p>",18.56,10,https://m.media-amazon.com/images/I/71UJfNoCsAL._AC_SL1100_.jpg,Merkloos,6249295873676,1-8?werkdagen
DWYY-0001,"Waterdichte Tas -6 Stuks-buiten droogtas-Waterdicht zak-Droge tas -kleur - Polyester -voor kajakken raften varen zwemmen enz- 1.5L, 2.5L, 3L, 3.5L, 5L, 8L -  opvouwbare droge tas voor watersport vrije tijd kamperen vissen wandelen zwemmen surfen","<p>Verschillendematen:19.5*20CM,22.5*29CM,24*30CM,24*36CM,25*37CM,30*38.5CM 
 Verschillende maten waterdichte tassen om aan uw verschillende behoeften te voldoen.</p>
<p>Lichtgewicht en draagbaar: De waterdichte dry bags zijn lichtgewicht en kunnen worden opgevouwen tot een klein formaat voor gemakkelijk dragen.</p>
<p>Veelzijdige toepassingen: Geschikt voor het opbergen van kleding, boeken en geld. Perfect voor kano?n, varen, kamperen en zwemmen.</p>
<p>Uniek ontwerp: Volledig lijmpersproces, professioneel waterdicht rolontwerp en een gespsluiting om uw waardevolle spullen te beschermen tegen water.</p>",13.56,10,https://m.media-amazon.com/images/I/61Zo2hbl5sL._AC_SL1002_.jpg,Merkloos,6249295873683,1-8?werkdagen
DWYY-0001,Y stuk kraan splitter - Y-type- G 3/4" waterverdeler - Waterverdeler 2-weg-Met accessoires -messing-oor gebruik in huis en tuin-tuinslangaansluiting - Buitenkraan,"<p>¡¾Adapterset¡¿De waterkraanverdelerset bestaat uit 1 kraanverdeler met een nominale diameter van DN25, 2 vrouwelijke adapters van 3/4 inch. 1 afdichttape en 3 ringen, compleet met accessoires en handig in gebruik.</p>
<p>¡¾Goede afdichting schakelaar¡¿Wordt geleverd met drie pakkingen en ¨¦¨¦n afdichttape, plus twee adapters van 3/4 inch met afdichtingen bij de aansluitingen. Dit resulteert in een goede afdichting en een goede verbinding die lekvrij is en verspilling
    voorkomt. Met de draaischakelaar op de verdeler kan de benodigde waterhoeveelheid voor elke aansluiting afzonderlijk worden ingesteld. Ook kan de verdeler afzonderlijk worden uitgeschakeld, wat handig is.</p>
<p>¡¾Snelle aansluiting¡¿De 2-weg waterleidingadapter is zeer eenvoudig en vereist slechts een paar stappen: verwijder eerst de oude connectoren (indien aanwezig), sluit vervolgens de connector aan op de slang en kraan, draai tot slot de fittingen vast en
    omwikkel ze met tape om lekkage te voorkomen.</p>
<p>¡¾Materiaal¡¿De waterkraanverdeler is gemaakt van hoogwaardig messing met een glad, braamvrij oppervlak, sterk en duurzaam. Het messing oppervlak is voorzien van een laag gegalvaniseerd nikkel, wat zorgt voor een goede corrosie- en roestbestendigheid en
    een lange levensduur.</p>
<p>¡¾Brede toepassing¡¿De Y-verdeler is geschikt voor tuinslangen en fittingen met standaard 3/4 inch koppelingen en is universeel compatibel met  EU-standaard 3/4 inch kranen. Dit maakt hem ideaal voor gebruik met hoge waterdruk en warm- en koudwateraansluitingen
    zoals vaatwassers, wasmachines, tuinslangen, waterzuiveraars, tanks en meer. </p>",14.23,10,https://cbu01.alicdn.com/img/ibank/O1CN01ZXz28u1PlXob4odTU_!!2357271881-0-cib.jpg,Merkloos,6249295873690,1-8?werkdagen
DWYY-0001,2 Stuks-waterdichte zadelbescherming-Zadel beschermer universeel -Universeel - Regenhoes - Brede Zadels- Waterdichte Hoes - Zwart/grijs-27¡Á24CM,"<p> ¡¾Wat je krijgt¡¿: Je ontvangt 2 stuks fietszadelhoezen in 2 verschillende kleuren, voldoende voor dagelijks gebruik en vervanging. Je kunt ze ook delen met je vrienden en familie.¡¾Betrouwbaar materiaal¡¿: De zadelhoes is gemaakt van hoogwaardig Oxford-stof
    met een waterbestendige coating. Dit houdt je zadel beschermd tegen stof, wind en zon en verlengt de levensduur van je zadel.¡¾Geschikte afmetingen¡¿: Onze zadelhoes is ongeveer 27 x 24 cm groot en kan je zadel volledig bedekken. Ze kunnen worden gecombineerd
    met verschillende soorten fietszadels, zoals gewone fietsen, mountainbikes, toerfietsen, kinderfietsen, enzovoort, wat zorgt voor een prettige gebruikservaring.¡¾Gebruiksvriendelijk¡¿: De zadelhoes heeft elastische randen, kan stevig op je zadel worden
    bevestigd, scheurt, breekt of valt niet snel, ideaal voor langdurig gebruik. Ze zijn lichtgewicht en gemakkelijk mee te nemen, wat u veel gemak oplevert </p>
<p> </p>
<p></p>
<p></p>
<p> </p>",11.56,10,https://publish-cos.mabangerp.com/product/publish/219988/20250426/screenshot_2025-04-26_13-38-57_8QWOXn.png,Merkloos,6249295873706,1-8?werkdagen
